Total Income,Total Expense,Total Balance
31044.0,3950.0,27094.0

Type,Category,Amount,Description,Date
income,Salary,22700.0,Salary For January ,08-02-2025
expense,Bill,700.0,Electricity  Bill,19-02-2025
expense,Entertainment,1150.0,Movie ,19-02-2025
income,Salary,2000.0,1,19-02-2025
income,Other,1000.0,a,19-02-2025
income,Other,1000.0,a,19-01-2025
income,Rent,2000.0,a,19-02-2025
income,Freelance,1000.0,a,19-01-2025
expense,Other,200.0,a,18-02-2025
income,Business,1222.0,1,02-02-2025
income,Salary,122.0,tesy,05-02-2024
expense,Entertainment,1900.0,1,19-02-2025
